Αρχικό σήμα, FCS, Σήμα προς αποστολή, Λαμβανόμενο σήμα, Έλεγχος από τον αλγόριθμο, Πραγματικός έλεγχος, Bits που αλλοιώθηκαν
01111001111011011100, 11100, 0111100111101101110011100, 0111100111101101110011100, True, True, 0
01111011010101101010, 10111, 0111101101010110101010111, 0111101101010110101010111, True, True, 0
01101000000011111011, 11000, 0110100000001111101111000, 0110100000001111101111000, True, True, 0
00110010111111111010, 01101, 0011001011111111101001101, 0011001011111111101001101, True, True, 0
10001100010010011000, 01110, 1000110001001001100001110, 1000110001001001100001110, True, True, 0
10101011000111110100, 00001, 1010101100011111010000001, 1010101100011111010000001, True, True, 0
10011001111111111010, 00110, 1001100111111111101000110, 1001100111111111101000110, True, True, 0
01101001111110001000, 10010, 0110100111111000100010010, 0110100111111000100010010, True, True, 0
01011010010011000001, 10010, 0101101001001100000110010, 0101101001001100000110010, True, True, 0
11011100011000110101, 01110, 1101110001100011010101110, 1101110001100011010101110, True, True, 0
00101110010111111001, 00101, 0010111001011111100100101, 0010111001011111100100101, True, True, 0
00010010100100100111, 11110, 0001001010010010011111110, 0001001010010010011111110, True, True, 0
00110011101111011011, 11010, 0011001110111101101111010, 0011001110111101101111010, True, True, 0
10011011000100001011, 01110, 1001101100010000101101110, 1001101100010000101101110, True, True, 0
11101010010001001110, 10100, 1110101001000100111010100, 1110101001000100111010100, True, True, 0
00111001101101011111, 10000, 0011100110110101111110000, 0011100110110101111110000, True, True, 0
11011000110110100100, 11011, 1101100011011010010011011, 1101100011011010010011011, True, True, 0
11011001010100000010, 10010, 1101100101010000001010010, 1101100101010000001010010, True, True, 0
01111010010100101000, 00010, 0111101001010010100000010, 0111101001010010100000010, True, True, 0
11110000111101010101, 00110, 1111000011110101010100110, 1111000011110101010100110, True, True, 0
01001101111111100010, 01001, 0100110111111110001001001, 0100110111111110001001001, True, True, 0
10011111111101111111, 11100, 1001111111110111111111100, 1001111111110111111111100, True, True, 0
10010100000000010100, 00100, 1001010000000001010000100, 1001010000000001010000100, True, True, 0
11111110111100011001, 11000, 1111111011110001100111000, 1111111011110001100111000, True, True, 0
01100110101110011101, 11101, 0110011010111001110111101, 0110011010111001110111101, True, True, 0
01100111001111010000, 11101, 0110011100111101000011101, 0110011100111101000011101, True, True, 0
10010000010100010001, 00110, 1001000001010001000100110, 1001000001010001000100110, True, True, 0
00101011111100011001, 11100, 0010101111110001100111100, 0010101111110001100111100, True, True, 0
00110001011101110100, 11101, 0011000101110111010011101, 0011000101110111010011101, True, True, 0
00111001101100101011, 01011, 0011100110110010101101011, 0011100110110010101101011, True, True, 0
10101000100100110100, 11101, 1010100010010011010011101, 1010100010010011010011101, True, True, 0
11001000001111010100, 01101, 1100100000111101010001101, 1100100000111101010001101, True, True, 0
00010000000010101111, 10011, 0001000000001010111110011, 0001000000001010111110011, True, True, 0
00010111111100110001, 11100, 0001011111110011000111100, 0001011111110011000111100, True, True, 0
00100110011011101110, 11111, 0010011001101110111011111, 0010011001101110111011111, True, True, 0
11100111011000011101, 10010, 1110011101100001110110010, 1110011101100001110110010, True, True, 0
01100000010101011011, 11010, 0110000001010101101111010, 0110000001010101101111010, True, True, 0
00011011100000010000, 11101, 0001101110000001000011101, 0001101110000001000011101, True, True, 0
00001101001010000011, 01101, 0000110100101000001101101, 0000110100101000001101101, True, True, 0
11101001000101000011, 11100, 1110100100010100001111100, 1110100100010100001111100, True, True, 0
11011001101001100100, 11011, 1101100110100110010011011, 1101100110100110010011011, True, True, 0
10100010011111010011, 01101, 1010001001111101001101101, 1010001001111101001101101, True, True, 0
00000111100101101101, 10010, 0000011110010110110110010, 0000011110010110110110010, True, True, 0
01110101101101010101, 01010, 0111010110110101010101010, 0111010110110101010101010, True, True, 0
11001011000000110101, 10110, 1100101100000011010110110, 1100101100000011010110110, True, True, 0
11000011101011111101, 11111, 1100001110101111110111111, 1100001110101111110111111, True, True, 0
00010111010101011001, 11011, 0001011101010101100111011, 0001011101010101100111011, True, True, 0
00001100110100110011, 11111, 0000110011010011001111111, 0000110011010011001111111, True, True, 0
01000000100001000100, 10001, 0100000010000100010010001, 0100000010000100010010001, True, True, 0
00101111101101001010, 10000, 0010111110110100101010000, 0010111110110100101010000, True, True, 0
00100011110101100110, 10100, 0010001111010110011010100, 0010001111010110011010100, True, True, 0
00100101011000100001, 10110, 0010010101100010000110110, 0010010101100010000110110, True, True, 0
10011011100000011011, 11000, 1001101110000001101111000, 1001101110000001101111000, True, True, 0
01011010000110011000, 01010, 0101101000011001100001010, 0101101000011001100001010, True, True, 0
00000000101000010100, 01010, 0000000010100001010001010, 0000000010100001010001010, True, True, 0
11011010000010111101, 00111, 1101101000001011110100111, 1101101000001011110100111, True, True, 0
00000011011011010010, 00011, 0000001101101101001000011, 0000001101101101001000011, True, True, 0
00110100111010100110, 10010, 0011010011101010011010010, 0011010011101010011010010, True, True, 0
11001011010000001101, 11111, 1100101101000000110111111, 1100101101000000110111111, True, True, 0
00001000111111011110, 01000, 0000100011111101111001000, 0000100011111101111001000, True, True, 0
11101001110100110101, 11011, 1110100111010011010111011, 1110100111010011010111011, True, True, 0
00100100011100010110, 00000, 0010010001110001011000000, 0010010001110001011000000, True, True, 0
10111101101011010011, 10101, 1011110110101101001110101, 1011110110101101001110101, True, True, 0
00101111010110001100, 01111, 0010111101011000110001111, 0010111101011000110001111, True, True, 0
01001100011101100101, 10010, 0100110001110110010110010, 0100110001110110010110010, True, True, 0
00010001110010011001, 11110, 0001000111001001100111110, 0001000111001001100111110, True, True, 0
01010000010101001001, 01000, 0101000001010100100101000, 0101000001010100100101000, True, True, 0
00001111011000111100, 10001, 0000111101100011110010001, 0000111101100011110010001, True, True, 0
01010111000100000100, 10011, 0101011100010000010010011, 0101011100010000010010011, True, True, 0
10100010010100101100, 01100, 1010001001010010110001100, 1010001001010010110001100, True, True, 0
10011010010100011000, 11000, 1001101001010001100011000, 1001101001010001100011000, True, True, 0
11111001101010110010, 01111, 1111100110101011001001111, 1111100110101011001001111, True, True, 0
01000011100011111000, 00010, 0100001110001111100000010, 0100001110001111100000010, True, True, 0
11100101000101000011, 11001, 1110010100010100001111001, 1110010100010100001111001, True, True, 0
10100001001011111111, 10111, 1010000100101111111110111, 1010000100101111111110111, True, True, 0
11110010001010101000, 00100, 1111001000101010100000100, 1111001000101010100000100, True, True, 0
11011010100110100000, 11001, 1101101010011010000011001, 1101101010011010000011001, True, True, 0
11000010100101001100, 11011, 1100001010010100110011011, 1100001010010100110011011, True, True, 0
11011011111100111110, 00001, 1101101111110011111000001, 1101101111110011111000001, True, True, 0
10100000011111011011, 10011, 1010000001111101101110011, 1010000001111101101110011, True, True, 0
01010100101111111010, 01001, 0101010010111111101001001, 0101010010111111101001001, True, True, 0
00010010000100100010, 00010, 0001001000010010001000010, 0001001000010010001000010, True, True, 0
01001011010001001001, 00011, 0100101101000100100100011, 0100101101000100100100011, True, True, 0
00010100101110101110, 00011, 0001010010111010111000011, 0001010010111010111000011, True, True, 0
00110010111101110100, 10011, 0011001011110111010010011, 0011001011110111010010011, True, True, 0
01000010111001011110, 10010, 0100001011100101111010010, 0100001011100101111010010, True, True, 0
11010001011111010100, 00010, 1101000101111101010000010, 1101000101111101010000010, True, True, 0
10000101101000000111, 10100, 1000010110100000011110100, 1000010110100000011110100, True, True, 0
10001110101101011010, 11111, 1000111010110101101011111, 1000111010110101101011111, True, True, 0
00001101010011011010, 00010, 0000110101001101101000010, 0000110101001101101000010, True, True, 0
10110010111101011000, 10000, 1011001011110101100010000, 1011001011110101100010000, True, True, 0
00101100010011110010, 11100, 0010110001001111001011100, 0010110001001111001011100, True, True, 0
00001111001100010111, 00110, 0000111100110001011100110, 0000111100110001011100110, True, True, 0
01010001010001100010, 11010, 0101000101000110001011010, 0101000101000110001011010, True, True, 0
00111111111100111000, 00001, 0011111111110011100000001, 0011111111110011100000001, True, True, 0
10000100110101000010, 10110, 1000010011010100001010110, 1000010011010100001010110, True, True, 0
11010000101111001011, 01011, 1101000010111100101101011, 1101000010111100101101011, True, True, 0
10110001011100001011, 00011, 1011000101110000101100011, 1011000101110000101100011, True, True, 0
10010000100011010010, 10000, 1001000010001101001010000, 1001000010001101001010000, True, True, 0
01111000100101001000, 00000, 0111100010010100100000000, 0111100010010100100000000, True, True, 0
00000110110110001000, 11100, 0000011011011000100011100, 0000011011011000100011100, True, True, 0
01100111110100011010, 11111, 0110011111010001101011111, 0110011111010001101011111, True, True, 0
01011111011111001110, 00110, 0101111101111100111000110, 0101111101111100111000110, True, True, 0
11110110100110100100, 11100, 1111011010011010010011100, 1111011010011010010011100, True, True, 0
00111111000101010011, 01101, 0011111100010101001101101, 0011111100010101001101101, True, True, 0
01110001000000110000, 11000, 0111000100000011000011000, 0111000100000011000011000, True, True, 0
01110011110111001111, 00101, 0111001111011100111100101, 0111001111011100111100101, True, True, 0
11101011111110001101, 11101, 1110101111111000110111101, 1110101111111000110111101, True, True, 0
10110100010110001010, 00100, 1011010001011000101000100, 1011010001011000100000100, False, False, 1
00000110010100000001, 00001, 0000011001010000000100001, 0000011001010000000100001, True, True, 0
11111110001111111100, 10000, 1111111000111111110010000, 1111111000111111110010000, True, True, 0
11111000001001111011, 11000, 1111100000100111101111000, 1111100000100111101111000, True, True, 0
11100010100101100000, 01010, 1110001010010110000001010, 1110001010010110000001010, True, True, 0
01100001100011011110, 10010, 0110000110001101111010010, 0110000110001101111010010, True, True, 0
01110000010010110111, 00000, 0111000001001011011100000, 0111000001001011011100000, True, True, 0
00101011000000110001, 11001, 0010101100000011000111001, 0010101100000011000111001, True, True, 0
11011100100111000001, 11101, 1101110010011100000111101, 1101110010011100000111101, True, True, 0
11001010110000110100, 00100, 1100101011000011010000100, 1100101011000011010000100, True, True, 0
00000001101111100010, 11011, 0000000110111110001011011, 0000000110111110001011011, True, True, 0
01001101011100101100, 11011, 0100110101110010110011011, 0100110101110010110011011, True, True, 0
11001000110101100011, 10111, 1100100011010110001110111, 1100100011010110001110111, True, True, 0
10101111001000010011, 10010, 1010111100100001001110010, 1010111100100001001110010, True, True, 0
00011110100010101000, 11101, 0001111010001010100011101, 0001111010001010100011101, True, True, 0
10100101110101001110, 00100, 1010010111010100111000100, 1010010111010100111000100, True, True, 0
01100010110101011000, 11010, 0110001011010101100011010, 0110001011010101100011010, True, True, 0
00110100011000110011, 01011, 0011010001100011001101011, 0011010001100011001101011, True, True, 0
11001001000001110001, 11011, 1100100100000111000111011, 1100100100000111000111011, True, True, 0
01111011010101100010, 00001, 0111101101010110001000001, 0111101101010110001000001, True, True, 0
01010111000000111101, 00011, 0101011100000011110100011, 0101011100000011110100011, True, True, 0
01000100110001100011, 00110, 0100010011000110001100110, 0100010011000110001100110, True, True, 0
00011100101000101100, 11000, 0001110010100010110011000, 0001110010100010110011000, True, True, 0
11111011001001010101, 10001, 1111101100100101010110001, 1111101100100101010110001, True, True, 0
01011010011011110100, 01000, 0101101001101111010001000, 0101101001101111010001000, True, True, 0
11111010010101010001, 01000, 1111101001010101000101000, 1111101001010101000101000, True, True, 0
10110000000001101101, 01100, 1011000000000110110101100, 1011000000000110110101100, True, True, 0
10111011001001111000, 01000, 1011101100100111100001000, 1011101100100111100001000, True, True, 0
10000011001000011001, 10101, 1000001100100001100110101, 1000001100100001100110101, True, True, 0
11101011110111010100, 10011, 1110101111011101010010011, 1110101111011101010010011, True, True, 0
00101001111001101100, 10111, 0010100111100110110010111, 0010100111100110110010111, True, True, 0
10011011111000001000, 10000, 1001101111100000100010000, 1001101111100000100010000, True, True, 0
10110001110100110100, 10010, 1011000111010011010010010, 1011000111010011010010010, True, True, 0
11001110011010011011, 00000, 1100111001101001101100000, 1100111001101001101100000, True, True, 0
10001101010011011100, 01111, 1000110101001101110001111, 1000110101001101110001111, True, True, 0
00110110100011111110, 00000, 0011011010001111111000000, 0011011010001111111000000, True, True, 0
10010000100101010100, 10101, 1001000010010101010010101, 1001000010010101010010101, True, True, 0
11010100001111011100, 00001, 1101010000111101110000001, 1101010000111101110000001, True, True, 0
01010000001001111101, 01011, 0101000000100111110101011, 0101000000100111110101011, True, True, 0
11010111110110100110, 01101, 1101011111011010011001101, 1101011111011010011001101, True, True, 0
11010010101011001101, 11010, 1101001010101100110111010, 1101001010101100110111010, True, True, 0
11010111110101000111, 01101, 1101011111010100011101101, 1101011111010100011101101, True, True, 0
11001100010011010100, 01011, 1100110001001101010001011, 1100110001001101010001011, True, True, 0
10001100000100000101, 01111, 1000110000010000010101111, 1000110000010000010101111, True, True, 0
00100110110111001101, 00111, 0010011011011100110100111, 0010011011011100110100111, True, True, 0
10111010001100100110, 10100, 1011101000110010011010100, 1011101000110010011010100, True, True, 0
01010110011001100100, 01000, 0101011001100110010001000, 0101011001100110010001000, True, True, 0
01100001000010000010, 11010, 0110000100001000001011010, 0110000100001000001011010, True, True, 0
01000100011111100110, 10001, 0100010001111110011010001, 0100010001111110011010001, True, True, 0
00101010110101010000, 01111, 0010101011010101000001111, 0010101011010101000001111, True, True, 0
10100100001001111001, 01011, 1010010000100111100101011, 1010010000100111100101011, True, True, 0
00001010101011001110, 10101, 0000101010101100111010101, 0000101010101100111010101, True, True, 0
00101101011111111000, 00110, 0010110101111111100000110, 0010110101111111100000110, True, True, 0
11001010010100100011, 10011, 1100101001010010001110011, 1100101001010010001110011, True, True, 0
10100000111011111101, 01111, 1010000011101111110101111, 1010000011101111110101111, True, True, 0
01011010110111110001, 00011, 0101101011011111000100011, 0101101011011111000100011, True, True, 0
00011110000011100101, 11001, 0001111000001110010111001, 0001111000001110010111001, True, True, 0
00100110100000001011, 01101, 0010011010000000101101101, 0010011010000000101101101, True, True, 0
11010000011110110001, 10001, 1101000001111011000110001, 1101000001111011000110001, True, True, 0
01100011111011111000, 10010, 0110001111101111100010010, 0110001111101111100010010, True, True, 0
10010100010000100010, 01111, 1001010001000010001001111, 1001010001000010001001111, True, True, 0
11100000011100110010, 10011, 1110000001110011001010011, 1110000001110011001010011, True, True, 0
01100001100010001010, 01110, 0110000110001000101001110, 0110000110001000101001110, True, True, 0
00000110111001110100, 11010, 0000011011100111010011010, 0000011011100111010011010, True, True, 0
00000101001000101100, 10100, 0000010100100010110010100, 0000010100100010110010100, True, True, 0
11011010101000101100, 01111, 1101101010100010110001111, 0101101010100010110001111, False, False, 1
00110000011001100111, 00111, 0011000001100110011100111, 0011000001100110011100111, True, True, 0
10100001111000110000, 10001, 1010000111100011000010001, 1010000111100011000010001, True, True, 0
00110000011111101100, 01010, 0011000001111110110001010, 0011000001111110110001010, True, True, 0
00000100000110001110, 00011, 0000010000011000111000011, 0000010000011000111000011, True, True, 0
10001001010001100000, 00000, 1000100101000110000000000, 1000100101000110000000000, True, True, 0
10000110111100010010, 10011, 1000011011110001001010011, 1000011011110001001010011, True, True, 0
10110001010101010011, 11000, 1011000101010101001111000, 1011000101010101001111000, True, True, 0
10001110101101010111, 10111, 1000111010110101011110111, 1000111010110101011110111, True, True, 0
01100110011001110011, 00100, 0110011001100111001100100, 0110011001100111001100100, True, True, 0
00010110101001111111, 11000, 0001011010100111111111000, 0001011010100111111111000, True, True, 0
01000111100101100101, 10010, 0100011110010110010110010, 0100011110010110010110010, True, True, 0
00001110110100110000, 11101, 0000111011010011000011101, 0000111011010011000011101, True, True, 0
11000001001101101000, 00011, 1100000100110110100000011, 1100000100110110100000011, True, True, 0
10111011110101010100, 00110, 1011101111010101010000110, 1011101111010101010000110, True, True, 0
10000111010101111001, 11010, 1000011101010111100111010, 1000011101010111100111010, True, True, 0
11010101100000010111, 11110, 1101010110000001011111110, 1101010110000001011111110, True, True, 0
11100011101110110100, 10100, 1110001110111011010010100, 1110001110111011010010100, True, True, 0
00110101000010010011, 01111, 0011010100001001001101111, 0011010100001001001101111, True, True, 0
01000100001110111111, 00100, 0100010000111011111100100, 0100010000111011111100100, True, True, 0
01000101110100000001, 11001, 0100010111010000000111001, 0100010111010000000111001, True, True, 0
00010000010000000010, 00001, 0001000001000000001000001, 0001000001000000001000001, True, True, 0
11100010001010001010, 00011, 1110001000101000101000011, 1110001000101000101000011, True, True, 0
00010100111001110101, 11000, 0001010011100111010111000, 0001010011100111010111000, True, True, 0
00100100101111101111, 01100, 0010010010111110111101100, 0010010010111110111101100, True, True, 0
01010011000011110001, 11100, 0101001100001111000111100, 0101001100001111000111100, True, True, 0
01000101001100110100, 00000, 0100010100110011010000000, 0100010100110011010000000, True, True, 0
00111100011110000100, 10000, 0011110001111000010010000, 0011110001111000010010000, True, True, 0
11101001111001110110, 01000, 1110100111100111011001000, 1110100111100111011001000, True, True, 0
11011101010110100011, 01100, 1101110101011010001101100, 1101110101011010001101100, True, True, 0
00001001100101001011, 01100, 0000100110010100101101100, 0000100110010100101101100, True, True, 0
01011000010110000001, 11001, 0101100001011000000111001, 0101100001011000000111001, True, True, 0
11111010101100000101, 01101, 1111101010110000010101101, 1111101010110000010101101, True, True, 0
11000000111110110001, 01100, 1100000011111011000101100, 1100000011111011000101100, True, True, 0
01001010111101011001, 01011, 0100101011110101100101011, 0100101011110101100101011, True, True, 0
11010010011011111100, 10010, 1101001001101111110010010, 1101001001101111110010010, True, True, 0
11101100101110000110, 11100, 1110110010111000011011100, 1110110010111000011011100, True, True, 0
10111010110000001111, 00100, 1011101011000000111100100, 1011101011000000111100100, True, True, 0
01100111010110000001, 00100, 0110011101011000000100100, 0110011101011000000100100, True, True, 0
11001001100000011011, 11001, 1100100110000001101111001, 1100100110000001101111001, True, True, 0
10001000100000110110, 00100, 1000100010000011011000100, 1000100010000011011000100, True, True, 0
00100011101110010001, 00010, 0010001110111001000100010, 0010001110111001000100010, True, True, 0
01100001011011111111, 11001, 0110000101101111111111001, 0110000101101111111111001, True, True, 0
11010101011111001010, 01001, 1101010101111100101001001, 1101010101111100101001001, True, True, 0
10000011010111111111, 00010, 1000001101011111111100010, 1000001101011111111100010, True, True, 0
00101101011100100111, 11010, 0010110101110010011111010, 0010110101110010011111010, True, True, 0
10100100000110101101, 11100, 1010010000011010110111100, 1010010000011010110111100, True, True, 0
01111110011110001111, 10010, 0111111001111000111110010, 0111111001111000111110010, True, True, 0
10010000000100001101, 00011, 1001000000010000110100011, 1001000000010000110100011, True, True, 0
11100010001011010001, 01000, 1110001000101101000101000, 1110001000101101000101000, True, True, 0
10001110100011011101, 10101, 1000111010001101110110101, 1000111010001101110110101, True, True, 0
10001111000101011100, 10111, 1000111100010101110010111, 1000111100010101110010111, True, True, 0
01110111110111000000, 00010, 0111011111011100000000010, 0111011111011100000000010, True, True, 0
00011010011011100001, 11001, 0001101001101110000111001, 0001101001101110000111001, True, True, 0
10001001001101100101, 01000, 1000100100110110010101000, 1000100100110110010101000, True, True, 0
00010111110001100111, 01000, 0001011111000110011101000, 0001011111000110011101000, True, True, 0
10011010000011000000, 01001, 1001101000001100000001001, 1001101000001100000001001, True, True, 0
11111100110000110011, 01001, 1111110011000011001101001, 1111110011000011001101001, True, True, 0
00100011010001111001, 10101, 0010001101000111100110101, 0010001101000111100110101, True, True, 0
10011111100000010111, 10101, 1001111110000001011110101, 1001111110000001011110101, True, True, 0
10111011110000011110, 01100, 1011101111000001111001100, 1011101111000001111001100, True, True, 0
00001010011110101010, 11001, 0000101001111010101011001, 0000101001111010101011001, True, True, 0
00100111000011010000, 11100, 0010011100001101000011100, 0010011100001101000011100, True, True, 0
10101111000111110000, 11010, 1010111100011111000011010, 1010111100011111000011010, True, True, 0
00111001110011101001, 10000, 0011100111001110100110000, 0011100111001110100110000, True, True, 0
00100101011100011010, 11001, 0010010101110001101011001, 0010010101110001101011001, True, True, 0
00001101011100000100, 11100, 0000110101110000010011100, 0000110101110000010011100, True, True, 0
00100000111111110101, 01101, 0010000011111111010101101, 0010000011111111010101101, True, True, 0
10101110101001111010, 11110, 1010111010100111101011110, 1010111010100111101011110, True, True, 0
10010111010000111011, 11001, 1001011101000011101111001, 1001011101000011101111001, True, True, 0
11101000011101111100, 01010, 1110100001110111110001010, 1110100001110111110001010, True, True, 0
10101010001001001011, 00111, 1010101000100100101100111, 1010101000100100101100111, True, True, 0
10110011100101010101, 00111, 1011001110010101010100111, 1011001110010101010100111, True, True, 0
11011101001000110010, 01010, 1101110100100011001001010, 1101110100100011001001010, True, True, 0
10001111000111001011, 10011, 1000111100011100101110011, 1000111100011100101110011, True, True, 0
11001010101100000100, 01100, 1100101010110000010001100, 1100101010110000010001100, True, True, 0
00111101001000101001, 01011, 0011110100100010100101011, 0011110100100010100101011, True, True, 0
01010110100000100001, 00001, 0101011010000010000100001, 0101011010000010000100001, True, True, 0
10000111110110101011, 01100, 1000011111011010101101100, 1000011111011010101101100, True, True, 0
11011010100101010101, 01011, 1101101010010101010101011, 1101101010010101010101011, True, True, 0
11101110100100110111, 11001, 1110111010010011011111001, 1110111010010011011111001, True, True, 0
00000000101000000101, 00110, 0000000010100000010100110, 0000000010100000010100110, True, True, 0
11010000111001010000, 11110, 1101000011100101000011110, 1101000011100101000011110, True, True, 0
11110011100100100000, 11111, 1111001110010010000011111, 1111001110010010000011111, True, True, 0
00010101110110111011, 11011, 0001010111011011101111011, 0001010111011011101111011, True, True, 0
10010110000011100010, 10100, 1001011000001110001010100, 1001011000001110001010100, True, True, 0
01100001100001001110, 10111, 0110000110000100111010111, 0110000110000100111010111, True, True, 0
01101100010111011110, 11101, 0110110001011101111011101, 0110110001011101111011101, True, True, 0
11010010011101010110, 01101, 1101001001110101011001101, 1101001001110101011001101, True, True, 0
00001111111101111101, 00101, 0000111111110111110100101, 0000111111110111110100101, True, True, 0
00111010100000111000, 00011, 0011101010000011100000011, 0011101010000011100000011, True, True, 0
01010100001011011101, 00000, 0101010000101101110100000, 0101010000101101110100000, True, True, 0
10100001100000000001, 00001, 1010000110000000000100001, 1010000110000000000100001, True, True, 0
10000110100011110000, 01111, 1000011010001111000001111, 1000011010001111000001111, True, True, 0
10000100010000001110, 01010, 1000010001000000111001010, 1000010001000000111001010, True, True, 0
10111001100011000001, 11001, 1011100110001100000111001, 1011100110001100000111001, True, True, 0
01100000010110111101, 11011, 0110000001011011110111011, 0110000001011011110111011, True, True, 0
10111111001011001000, 11010, 1011111100101100100011010, 1011111100101100100011010, True, True, 0
00011001110010101110, 10100, 0001100111001010111010100, 0001100111001010111010100, True, True, 0
10111010001101110100, 11100, 1011101000110111010011100, 1011101000110111010011100, True, True, 0
01001010111111000000, 01101, 0100101011111100000001101, 0100101011111100000001101, True, True, 0
11101010000111001100, 11011, 1110101000011100110011011, 1110101000011100110011011, True, True, 0
00010011101100000110, 10010, 0001001110110000011010010, 0001001110110000011010010, True, True, 0
00101100010001111010, 10110, 0010110001000111101010110, 0010110001000111101010110, True, True, 0
11110111111011101000, 11101, 1111011111101110100011101, 1111011111101110100011101, True, True, 0
11010111110000100101, 10110, 1101011111000010010110110, 1101011111000010010110110, True, True, 0
11101001011111000101, 01111, 1110100101111100010101111, 1110100101111100010101111, True, True, 0
01100011101011100010, 00011, 0110001110101110001000011, 0110001110101110001000011, True, True, 0
00110000110101000011, 11110, 0011000011010100001111110, 0011000011010100001111110, True, True, 0
01010111111001001001, 00001, 0101011111100100100100001, 0101011111100100100100001, True, True, 0
11100110000000110010, 11101, 1110011000000011001011101, 1110011000000011001011101, True, True, 0
10101111110010001100, 11001, 1010111111001000110011001, 1010111111001000110011001, True, True, 0
00100010101011010011, 11010, 0010001010101101001111010, 0010001010101101001111010, True, True, 0
00011101001001000101, 10100, 0001110100100100010110100, 0001110100100100010110100, True, True, 0
00000101011110001001, 11101, 0000010101111000100111101, 0000010101111000100111101, True, True, 0
11111001010011011101, 01000, 1111100101001101110101000, 1111100101001101110101000, True, True, 0
11011001001001011010, 00101, 1101100100100101101000101, 1101100100100101101000101, True, True, 0
00100101101100101001, 01110, 0010010110110010100101110, 0010010110110010100101110, True, True, 0
11000111001010101101, 11010, 1100011100101010110111010, 1100011100101010110111010, True, True, 0
01111000100110001001, 00111, 0111100010011000100100111, 0111100010011000100100111, True, True, 0
00101110111100011010, 00010, 0010111011110001101000010, 0010111011110001101000010, True, True, 0
01110111110111111100, 00001, 0111011111011111110000001, 0111011111011111110000001, True, True, 0
01111110100010000110, 00101, 0111111010001000011000101, 0111111010001000011000101, True, True, 0
10010110100101100011, 10010, 1001011010010110001110010, 1001011010010110001110010, True, True, 0
01011001001101111001, 11100, 0101100100110111100111100, 0101100100110111100111100, True, True, 0
01101101011101110011, 10000, 0110110101110111001110000, 0110110101110111001110000, True, True, 0
10000110010010100000, 11011, 1000011001001010000011011, 1000011001001010000011011, True, True, 0
10111001001011011100, 10000, 1011100100101101110010000, 1011100100101101110010000, True, True, 0
11001011000000111100, 10101, 1100101100000011110010101, 1100101100000011110010101, True, True, 0
00111000110111101000, 01100, 0011100011011110100001100, 0011100011011110100001100, True, True, 0
00010111110100110100, 11000, 0001011111010011010011000, 0001011111010011010011000, True, True, 0
11100010010111011000, 11101, 1110001001011101100011101, 1110001001011101100011101, True, True, 0
10111010100101110111, 01110, 1011101010010111011101110, 1011101010010111011101110, True, True, 0
11110100110010000001, 00001, 1111010011001000000100001, 1111010011001000000100001, True, True, 0
10110000101100100011, 10101, 1011000010110010001110101, 1011000010110010001110101, True, True, 0
00000100010110110101, 00000, 0000010001011011010100000, 0000010001011011010100000, True, True, 0
10100110110111100000, 10001, 1010011011011110000010001, 1010011011011110000010001, True, True, 0
00001110101010101000, 11000, 0000111010101010100011000, 0000111010101010100011000, True, True, 0
10111011010101010100, 00100, 1011101101010101010000100, 1011101101010101010000100, True, True, 0
10100010111100101111, 11110, 1010001011110010111111110, 1010001011110010111111110, True, True, 0
01001110000111111001, 11001, 0100111000011111100111001, 0100111000011111100111001, True, True, 0
00111101111100111001, 11100, 0011110111110011100111100, 0011110111110011100111100, True, True, 0
00001011000101000110, 01110, 0000101100010100011001110, 0000101100010100011001110, True, True, 0
11010100100010011010, 01110, 1101010010001001101001110, 1101010010001001101001110, True, True, 0
11110010111011100101, 00001, 1111001011101110010100001, 1111001011101110010100001, True, True, 0
01000000000101000000, 10101, 0100000000010100000010101, 0100000000010100000010101, True, True, 0
10100111001010110100, 11101, 1010011100101011010011101, 1010011100101011010011101, True, True, 0
01100110010101111001, 11010, 0110011001010111100111010, 0110011001010111100111010, True, True, 0
10001110000011001101, 01110, 1000111000001100110101110, 1000111000001100110101110, True, True, 0
00011010000011110110, 11010, 0001101000001111011011010, 0001101000001111011011010, True, True, 0
10110110010000101100, 01110, 1011011001000010110001110, 1011011001000010110001110, True, True, 0
01111011101101010000, 11001, 0111101110110101000011001, 0111101110110101000011001, True, True, 0
11001100101000010001, 11110, 1100110010100001000111110, 1100110010100001000111110, True, True, 0
10000001110000000010, 00001, 1000000111000000001000001, 1000000111000000001000001, True, True, 0
11100100000100111010, 01110, 1110010000010011101001110, 1110010000010011101001110, True, True, 0
11010010010110110000, 10110, 1101001001011011000010110, 1101001001011011000010110, True, True, 0
11011110010110010110, 00000, 1101111001011001011000000, 1101111001011001011000000, True, True, 0
10111100110110110000, 00100, 1011110011011011000000100, 1011110011011011000000100, True, True, 0
00011010000111001110, 11111, 0001101000011100111011111, 0001101000011100111011111, True, True, 0
10011010101100111000, 00110, 1001101010110011100000110, 1001101010110011100000110, True, True, 0
01111111011001111001, 00011, 0111111101100111100100011, 0111111101100111100100011, True, True, 0
00000110100100010000, 01110, 0000011010010001000001110, 0000011010010001000001110, True, True, 0
00101011000110000101, 11101, 0010101100011000010111101, 0010101100011000010111101, True, True, 0
01100010011110010010, 11001, 0110001001111001001011001, 0110001001111001001011001, True, True, 0
10001001010111000001, 00011, 1000100101011100000100011, 1000100101011100000100011, True, True, 0
11011011011010110111, 10001, 1101101101101011011110001, 1101101101101011011110001, True, True, 0
01100101111000001011, 01100, 0110010111100000101101100, 0110010111100000101101100, True, True, 0
10010110111111110011, 01100, 1001011011111111001101100, 1001011011111111001101100, True, True, 0
10110011101000000111, 11000, 1011001110100000011111000, 1011001110100000011111000, True, True, 0
00011110110011001010, 01010, 0001111011001100101001010, 0001111011001100101001010, True, True, 0
00011100111011100100, 11101, 0001110011101110010011101, 0001110011101110010011101, True, True, 0
11110111111011101011, 10111, 1111011111101110101110111, 1111011111101110101110111, True, True, 0
00000001000010010010, 11110, 0000000100001001001011110, 0000000100001001001011110, True, True, 0
00001000110111000011, 00011, 0000100011011100001100011, 0000100011011100001100011, True, True, 0
11101111100001101000, 10000, 1110111110000110100010000, 1110111110000110100010000, True, True, 0
10111000011101111100, 00011, 1011100001110111110000011, 1011100001110111110000011, True, True, 0
00001000001110100100, 10010, 0000100000111010010010010, 0000100000111010010010010, True, True, 0
10111110001100110011, 00011, 1011111000110011001100011, 1011111000110011001100011, True, True, 0
10000000011111011101, 01100, 1000000001111101110101100, 1000000001101101110101100, False, False, 1
00000011011010011001, 10001, 0000001101101001100110001, 0000001101101001100110001, True, True, 0
01011101011110100000, 00101, 0101110101111010000000101, 0101110101111010000000101, True, True, 0
11110101010010110010, 10011, 1111010101001011001010011, 1111010101001011001010011, True, True, 0
00100110101111101101, 11011, 0010011010111110110111011, 0010011010111110110111011, True, True, 0
10001010101111011001, 11001, 1000101010111101100111001, 1000101010111101100111001, True, True, 0
01010100101010110111, 00010, 0101010010101011011100010, 0101010010101011011100010, True, True, 0
00010001000100111111, 11111, 0001000100010011111111111, 0001000100010011111111111, True, True, 0
00001010101110010011, 00111, 0000101010111001001100111, 0000101010111001001100111, True, True, 0
00010111101000000011, 10001, 0001011110100000001110001, 0001011110100000001110001, True, True, 0
11010000000100110100, 01000, 1101000000010011010001000, 1101000000010011010001000, True, True, 0
11011101110011110111, 11111, 1101110111001111011111111, 1101110111001111011111111, True, True, 0
01001111001010010011, 01010, 0100111100101001001101010, 0100111100101001001101010, True, True, 0
01101000010101100011, 00111, 0110100001010110001100111, 0110100001010110001100111, True, True, 0
01101011001011111110, 10000, 0110101100101111111010000, 0110101100101111111010000, True, True, 0
00000110000000000000, 11000, 0000011000000000000011000, 0000011000000000000011000, True, True, 0
10101000010111110010, 11000, 1010100001011111001011000, 1010100001011111001011000, True, True, 0
10001111011010010110, 11010, 1000111101101001011011010, 1000111101101001011011010, True, True, 0
10101010001010000101, 10111, 1010101000101000010110111, 1010101000101000010110111, True, True, 0
00000111001000011111, 01000, 0000011100100001111101000, 0000011100100001111101000, True, True, 0
01111011110001011110, 01101, 0111101111000101111001101, 0111101111000101111001101, True, True, 0
10110100000110110010, 01101, 1011010000011011001001101, 1011010000011011001001101, True, True, 0
00111000111100000110, 00001, 0011100011110000011000001, 0011100011110000011000001, True, True, 0
00100111001100100111, 00110, 0010011100110010011100110, 0010011100110010011100110, True, True, 0
01000100000000101000, 10111, 0100010000000010100010111, 0100010000000010100010111, True, True, 0
11101101100100001100, 10111, 1110110110010000110010111, 1110110110010000110010111, True, True, 0
10010010101101011010, 00101, 1001001010110101101000101, 1001001010110101101000101, True, True, 0
11000101011110011100, 10101, 1100010101111001110010101, 1100010101111001110010101, True, True, 0
00100110001001110000, 11001, 0010011000100111000011001, 0010011000100111000011001, True, True, 0
11000111010011000110, 10100, 1100011101001100011010100, 1100011101001100011010100, True, True, 0
11110010010011110101, 00000, 1111001001001111010100000, 1111001001001111010100000, True, True, 0
01011100000010111111, 11001, 0101110000001011111111001, 0101110000001011111111001, True, True, 0
11110000110110001001, 01010, 1111000011011000100101010, 1111000011011000100101010, True, True, 0
11011110110001111101, 00110, 1101111011000111110100110, 1101111011000111110100110, True, True, 0
00101100001001001100, 00111, 0010110000100100110000111, 0010110000100100110000111, True, True, 0
01011110001101000011, 10111, 0101111000110100001110111, 0101111000110100001110111, True, True, 0
10000100010010101011, 01111, 1000010001001010101101111, 1000010001001010101101111, True, True, 0
10000010011000010111, 10010, 1000001001100001011110010, 1000001001100001011110010, True, True, 0
01010110101011001001, 11000, 0101011010101100100111000, 0101011010101100100111000, True, True, 0
10011000110010110001, 00111, 1001100011001011000100111, 1001100011001011000100111, True, True, 0
01111110100001001101, 01011, 0111111010000100110101011, 0111111010000100110101011, True, True, 0
10111010100010011000, 00001, 1011101010001001100000001, 1011101010001001100000001, True, True, 0
01011011100111000000, 01101, 0101101110011100000001101, 0101101110011100000001101, True, True, 0
11011101101011110001, 10000, 1101110110101111000110000, 1101110110101111000110000, True, True, 0
11011000001001001100, 01100, 1101100000100100110001100, 1101100000100100110001100, True, True, 0
10000110110001000100, 00111, 1000011011000100010000111, 1000011011000100010000111, True, True, 0
01100001010001011110, 01101, 0110000101000101111001101, 0110000101000101111001101, True, True, 0
10100010001011011011, 10111, 1010001000101101101110111, 1010001000101101101110111, True, True, 0
11100101011010111110, 01011, 1110010101101011111001011, 1110010101101011111001011, True, True, 0
11011110000101100111, 11000, 1101111000010110011111000, 1101111000010110011111000, True, True, 0
01101000001111101111, 11101, 0110100000111110111111101, 0110100000111110111111101, True, True, 0
01001101111111111010, 00110, 0100110111111111101000110, 0100110111111111101000110, True, True, 0
11000111101000100010, 10011, 1100011110100010001010011, 1100011110100010001010011, True, True, 0
11101100010011110111, 01101, 1110110001001111011101101, 1110110001001111011101101, True, True, 0
11011100100111001001, 01011, 1101110010011100100101011, 1101110010011100100101011, True, True, 0
01011001100000000011, 10000, 0101100110000000001110000, 0101100110000000001110000, True, True, 0
11111010110010111101, 01111, 1111101011001011110101111, 1111101011001011110101111, True, True, 0
11001100010011110000, 00111, 1100110001001111000000111, 1100110001001111000000111, True, True, 0
11011111101101110111, 11101, 1101111110110111011111101, 1101111110110111011111101, True, True, 0
00110010010110010110, 00001, 0011001001011001011000001, 0011001001011001011000001, True, True, 0
10001111000101000110, 00111, 1000111100010100011000111, 1000111100010100011000111, True, True, 0
00011101011110000101, 01010, 0001110101111000010101010, 0001110101111000010101010, True, True, 0
11100011111000110010, 10000, 1110001111100011001010000, 1110001111100011001010000, True, True, 0
00100010000001111011, 01111, 0010001000000111101101111, 0010001000000111101101111, True, True, 0
11111111100100001001, 11110, 1111111110010000100111110, 1111111110010000100111110, True, True, 0
01000101110010111010, 01010, 0100010111001011101001010, 0100010111001011101001010, True, True, 0
10110000101000110000, 01011, 1011000010100011000001011, 1011000010100011000001011, True, True, 0
01110010010110001101, 10010, 0111001001011000110110010, 0111001001011000110110010, True, True, 0
00100101001000111011, 00111, 0010010100100011101100111, 0010010100100011101100111, True, True, 0
01000100001010010001, 01100, 0100010000101001000101100, 0100010000101001000101100, True, True, 0
00001011101111111101, 01000, 0000101110111111110101000, 0000101110111111110101000, True, True, 0
11101101000000000011, 01111, 1110110100000000001101111, 1110110100000000001101111, True, True, 0
01011101111111011000, 00001, 0101110111111101100000001, 0101110111111101100000001, True, True, 0
11110011011101010000, 10110, 1111001101110101000010110, 1111001101110101000010110, True, True, 0
11001100101000110101, 10010, 1100110010100011010110010, 1100110010100011010110010, True, True, 0
00111111011010001100, 00111, 0011111101101000110000111, 0011111101101000110000111, True, True, 0
10110000000111010011, 00001, 1011000000011101001100001, 1011000000011101001100001, True, True, 0
10011010110011100100, 00110, 1001101011001110010000110, 1001101011001110010000110, True, True, 0
11010010010100111010, 00011, 1101001001010011101000011, 1101001001010011101000011, True, True, 0
00001101110011100111, 10110, 0000110111001110011110110, 0000110111001110011110110, True, True, 0
10010111010100001110, 10100, 1001011101010000111010100, 1001011101010000111010100, True, True, 0
01001011110000011111, 00010, 0100101111000001111100010, 0100101111000001111100010, True, True, 0
01100011001001101000, 10100, 0110001100100110100010100, 0110001100100110100010100, True, True, 0
00111011111111001011, 10111, 0011101111111100101110111, 0011101111111100101110111, True, True, 0
00110111011110000011, 01000, 0011011101111000001101000, 0011011101111000001101000, True, True, 0
01110111011100101000, 11001, 0111011101110010100011001, 0111011101110010100011001, True, True, 0
11101100010110111010, 00110, 1110110001011011101000110, 1110110001011011101000110, True, True, 0
00000001110011011011, 10000, 0000000111001101101110000, 0000000111001101101110000, True, True, 0
10010111001101010110, 01110, 1001011100110101011001110, 1001011100110101011001110, True, True, 0
11011101100010010110, 00010, 1101110110001001011000010, 1101110110001001011000010, True, True, 0
01100111011011011100, 01100, 0110011101101101110001100, 0110011101101101110001100, True, True, 0
10100001010001010111, 00001, 1010000101000101011100001, 1010000101000101011100001, True, True, 0
10000101100001010010, 00111, 1000010110000101001000111, 1000010110000101001000111, True, True, 0
00101000101111110101, 11001, 0010100010111111010111001, 0010100010111111010111001, True, True, 0
00110101110010110101, 11111, 0011010111001011010111111, 0011010111001011010111111, True, True, 0
00101000011110010101, 10011, 0010100001111001010110011, 0010100001111001010110011, True, True, 0
10111111000100100001, 11011, 1011111100010010000111011, 1011111100010010000111011, True, True, 0
10101111111101000110, 10101, 1010111111110100011010101, 1010111111110100011010101, True, True, 0
11110111000100100101, 10011, 1111011100010010010110011, 1111011100010010010110011, True, True, 0
11101011110001110101, 10000, 1110101111000111010110000, 1110101111000111010110000, True, True, 0
00111010110101100100, 00101, 0011101011010110010000101, 0011101011010110010000101, True, True, 0
10011010010101010111, 00001, 1001101001010101011100001, 1001101001010101011100001, True, True, 0
00111101011110001001, 11100, 0011110101111000100111100, 0011110101111000100111100, True, True, 0
00001111110100101111, 10111, 0000111111010010111110111, 0000111111010010111110111, True, True, 0
10101100101010100111, 10101, 1010110010101010011110101, 1010110010101010011110101, True, True, 0
11101101001100110010, 10011, 1110110100110011001010011, 1110110100110011001010011, True, True, 0
11111100111101100111, 00010, 1111110011110110011100010, 1111110011110110011100010, True, True, 0
10100010001111000111, 11110, 1010001000111100011111110, 1010001000111100011111110, True, True, 0
00111011011001010001, 10100, 0011101101100101000110100, 0011101101100101000110100, True, True, 0
00001011011011001111, 00111, 0000101101101100111100111, 0000101101101100111100111, True, True, 0
00110010101101111110, 11011, 0011001010110111111011011, 0011001010110111111011011, True, True, 0
10010000011101001100, 00011, 1001000001110100110000011, 1001000001110100110000011, True, True, 0
01000010010100000011, 11000, 0100001001010000001111000, 0100001001010000001111000, True, True, 0
01010001101100100101, 00001, 0101000110110010010100001, 0101000110110010010100001, True, True, 0
00001000110101000011, 11111, 0000100011010100001111111, 0000100011010100001111111, True, True, 0
10101000010101011101, 10100, 1010100001010101110110100, 1010100001010101110110100, True, True, 0
00101010001011110001, 10101, 0010101000101111000110101, 0010101000101111000110101, True, True, 0
11100011010101010100, 11000, 1110001101010101010011000, 1110001101010101010011000, True, True, 0
01111001111111001111, 00010, 0111100111111100111100010, 0111100111111100111100010, True, True, 0
11000010001111011010, 10010, 1100001000111101101010010, 1100001000111101101010010, True, True, 0
10100000101110011100, 11111, 1010000010111001110011111, 1010000010111001110011111, True, True, 0
00111111011000100001, 10100, 0011111101100010000110100, 0011111101100010000110100, True, True, 0
00000011111000100101, 01100, 0000001111100010010101100, 0000001111100010010101100, True, True, 0
10101000001011000111, 01110, 1010100000101100011101110, 1010100000101100011101110, True, True, 0
10011111110110001000, 01011, 1001111111011000100001011, 1001110111011000100001011, False, False, 1
10111110001111011000, 01010, 1011111000111101100001010, 1011111000111101100001010, True, True, 0
00011011101010010001, 01110, 0001101110101001000101110, 0001101110101001000101110, True, True, 0
00001001111110110111, 00110, 0000100111111011011100110, 0000100111111011011100110, True, True, 0
11000110100101011111, 11000, 1100011010010101111111000, 1100011010010101111111000, True, True, 0
00101110100010110100, 01101, 0010111010001011010001101, 0010111010001011010001101, True, True, 0
11100111001111001111, 01010, 1110011100111100111101010, 1110011100111100111101010, True, True, 0
00000100110011000011, 01011, 0000010011001100001101011, 0000010011001100001101011, True, True, 0
10010010010011000010, 00010, 1001001001001100001000010, 1001001001001100001000010, True, True, 0
00001100100001010000, 10000, 0000110010000101000010000, 0000110010000101000010000, True, True, 0
10011010100110111111, 00001, 1001101010011011111100001, 1001101010011011111100001, True, True, 0
10111100001101010101, 10110, 1011110000110101010110110, 1011110000110101010110110, True, True, 0
01011000101101111101, 10001, 0101100010110111110110001, 0101100010110111110110001, True, True, 0
10000111000100001100, 10101, 1000011100010000110010101, 1000011100010000110010101, True, True, 0
11100101111100100111, 00010, 1110010111110010011100010, 1110010111110010011100010, True, True, 0
01110101101111110110, 11011, 0111010110111111011011011, 0111010110111111011011011, True, True, 0
10111110110000010000, 11010, 1011111011000001000011010, 1011111011000001000011010, True, True, 0
01010100000101000111, 11011, 0101010000010100011111011, 0101010000010100011111011, True, True, 0
00110001011011101111, 01001, 0011000101101110111101001, 0011000101101110111101001, True, True, 0
01110101110101101100, 01100, 0111010111010110110001100, 0111010111010110110001100, True, True, 0
11110000111101011100, 00101, 1111000011110101110000101, 1111000011110101110000101, True, True, 0
10110111011110100101, 00010, 1011011101111010010100010, 1011011101111010010100010, True, True, 0
00001011111101101110, 00110, 0000101111110110111000110, 0000101111110110111000110, True, True, 0
11000110000111000111, 01001, 1100011000011100011101001, 1100011000011100011101001, True, True, 0
00001111101100111010, 01011, 0000111110110011101001011, 0000111110110011101001011, True, True, 0
10110100111110010000, 01100, 1011010011111001000001100, 1011010011111001000001100, True, True, 0
10011010101110000100, 11001, 1001101010111000010011001, 1001101010111000010011001, True, True, 0
11101111111100011010, 01001, 1110111111110001101001001, 1110111111110001101001001, True, True, 0
01010011010011000010, 01001, 0101001101001100001001001, 0101001101001100001001001, True, True, 0
01111011010011100110, 11011, 0111101101001110011011011, 0111101101001110011011011, True, True, 0
00110111001001001001, 11111, 0011011100100100100111111, 0011011100100100100111111, True, True, 0
00011011101100001100, 01110, 0001101110110000110001110, 0001101110110000110001110, True, True, 0
00100010000001100111, 01011, 0010001000000110011101011, 0010001000000110011101011, True, True, 0
01100000011101000110, 10001, 0110000001110100011010001, 0110000001110100011010001, True, True, 0
01011000001010010110, 10111, 0101100000101001011010111, 0101100000101001011010111, True, True, 0
00001000011011110000, 00010, 0000100001101111000000010, 0000100001101111000000010, True, True, 0
01011001001101000100, 01010, 0101100100110100010001010, 0101100100110100010001010, True, True, 0
10101111010100011010, 00111, 1010111101010001101000111, 1010111101010001101000111, True, True, 0
01111000011010010100, 00010, 0111100001101001010000010, 0111100001101001010000010, True, True, 0
10100100100101111110, 11111, 1010010010010111111011111, 1010010010010111111011111, True, True, 0
10000000110011101100, 10010, 1000000011001110110010010, 1000000011001110110010010, True, True, 0
01000111101011100010, 11000, 0100011110101110001011000, 0100011110101110001011000, True, True, 0
10111011111010110100, 00100, 1011101111101011010000100, 1011101111101011010000100, True, True, 0
01001010100111111011, 10100, 0100101010011111101110100, 0100101010011111101110100, True, True, 0
11101001010100000001, 01100, 1110100101010000000101100, 1110100101010000000101100, True, True, 0
11000000100001101111, 10011, 1100000010000110111110011, 1100000010000110111110011, True, True, 0
01100101100011011110, 00010, 0110010110001101111000010, 0110010110001101111000010, True, True, 0
00111111101110001000, 00010, 0011111110111000100000010, 0011111110111000100000010, True, True, 0
01001000001001111010, 00000, 0100100000100111101000000, 0100100000100111101000000, True, True, 0
11011001011111011010, 10101, 1101100101111101101010101, 1101100101111101101010101, True, True, 0
00010010000111111010, 11111, 0001001000011111101011111, 0001001000011111101011111, True, True, 0
10000010111111111111, 11110, 1000001011111111111111110, 1000001011111111111111110, True, True, 0
00001001000000110111, 01110, 0000100100000011011101110, 0000100100000011011101110, True, True, 0
00100101001100111001, 10101, 0010010100110011100110101, 0010010100110011100110101, True, True, 0
01010000101001100100, 10011, 0101000010100110010010011, 0101000010100110010010011, True, True, 0
01010001000001011010, 10011, 0101000100000101101010011, 0101000100000101101010011, True, True, 0
10101101110100010100, 01111, 1010110111010001010001111, 1010110111010001010001111, True, True, 0
01010011101000010101, 11010, 0101001110100001010111010, 0101001110100001010111010, True, True, 0
00100110000101010110, 11101, 0010011000010101011011101, 0010011000010101011011101, True, True, 0
01001001001010000101, 11111, 0100100100101000010111111, 0100100100101000010111111, True, True, 0
10111010011010001010, 11110, 1011101001101000101011110, 1011101001101000101011110, True, True, 0
11101010000011010101, 01100, 1110101000001101010101100, 1110101000001101010101100, True, True, 0
11110011011000101010, 00010, 1111001101100010101000010, 1111001101100010101000010, True, True, 0
10011010101000000010, 11100, 1001101010100000001011100, 1001101010100000001011100, True, True, 0
00000011011000100111, 10001, 0000001101100010011110001, 0000001101100010011110001, True, True, 0
01100101110110101110, 11110, 0110010111011010111011110, 0110010111011010111011110, True, True, 0
00000011111101010101, 10001, 0000001111110101010110001, 0000001111110101010110001, True, True, 0
11110011101001010111, 11001, 1111001110100101011111001, 1111001110100101011111001, True, True, 0
11000010111101101000, 01100, 1100001011110110100001100, 1100001011110110100001100, True, True, 0
00111010111110001010, 01000, 0011101011111000101001000, 0011101011111000101001000, True, True, 0
00010101110111100011, 11010, 0001010111011110001111010, 0001010111011110001111010, True, True, 0
11000100111101011101, 10100, 1100010011110101110110100, 1100010011110101110110100, True, True, 0
01000110100100110011, 10101, 0100011010010011001110101, 0100011010010011001110101, True, True, 0
00001000110001001110, 11010, 0000100011000100111011010, 0000100011000100111011010, True, True, 0
11101010001001010101, 01010, 1110101000100101010101010, 1110101000100101010101010, True, True, 0
10001000001111010011, 11010, 1000100000111101001111010, 1000100000111101001111010, True, True, 0
00000001111110101000, 11101, 0000000111111010100011101, 0000000111111010100011101, True, True, 0
10001011011000000000, 11011, 1000101101100000000011011, 1000100101100000000011011, False, False, 1
11100001101101111100, 11000, 1110000110110111110011000, 1110000110110111110011000, True, True, 0
01001100001110001101, 10000, 0100110000111000110110000, 0100110000111000110110000, True, True, 0
11010111001110100101, 11110, 1101011100111010010111110, 1101011100111010010111110, True, True, 0
10010001111100011101, 00111, 1001000111110001110100111, 1001000111110001110100111, True, True, 0
11110001111011110011, 00000, 1111000111101111001100000, 1111000111101111001100000, True, True, 0
00100101011001011000, 00101, 0010010101100101100000101, 0010010101100101100000101, True, True, 0
10000011111100001011, 11101, 1000001111110000101111101, 1000001111110000101101101, False, False, 1
01100000111000010110, 01001, 0110000011100001011001001, 0110000011100001011001001, True, True, 0
10101101111101100000, 01110, 1010110111110110000001110, 1010110111110110000001110, True, True, 0
10110110101011110000, 00001, 1011011010101111000000001, 1011011010101111000000001, True, True, 0
00011000110010111001, 01000, 0001100011001011100101000, 0001100011001011100101000, True, True, 0
00101101101100000101, 00001, 0010110110110000010100001, 0010110110110000010100001, True, True, 0
01100101011010100000, 01001, 0110010101101010000001001, 0110010101101010000001001, True, True, 0
10111111101110000100, 00110, 1011111110111000010000110, 1011111110111000010000110, True, True, 0
01110001100100110010, 01000, 0111000110010011001001000, 0111000110010011001001000, True, True, 0
00001010000000100110, 01110, 0000101000000010011001110, 0000101000000010011001110, True, True, 0
00010010101011101000, 01100, 0001001010101110100001100, 0001001010101110100001100, True, True, 0
10111100100001010000, 11101, 1011110010000101000011101, 1011110010000101000011101, True, True, 0
01000101111111001101, 01100, 0100010111111100110101100, 0100010111111100110101100, True, True, 0
10101001000001111111, 00100, 1010100100000111111100100, 1010100100000111111100100, True, True, 0
11110101101010111011, 01001, 1111010110101011101101001, 1111010110101011101101001, True, True, 0
01111011001110011011, 10101, 0111101100111001101110101, 0111101100111001101110101, True, True, 0
00010011110001010101, 11001, 0001001111000101010111001, 0001001111000101010111001, True, True, 0
10010100100000110100, 00001, 1001010010000011010000001, 1001010010000011010000001, True, True, 0
10110000101001010011, 01000, 1011000010100101001101000, 1011000010100101001101000, True, True, 0
01100100011011001010, 01101, 0110010001101100101001101, 0110010001101100101001101, True, True, 0
00001110001111101001, 01100, 0000111000111110100101100, 0000111000111110100101100, True, True, 0
01000011000000100110, 01001, 0100001100000010011001001, 0100001100000000011001001, False, False, 1
00101010011000110101, 01101, 0010101001100011010101101, 0010101001100011010101101, True, True, 0
01001001111101010101, 11010, 0100100111110101010111010, 0100100111110101010111010, True, True, 0
01100011110000000000, 10010, 0110001111000000000010010, 0110001111000000000010010, True, True, 0
11000001110001111010, 10001, 1100000111000111101010001, 1100000111000111101010001, True, True, 0
11010111010011010110, 10010, 1101011101001101011010010, 1101011101001101011010010, True, True, 0
10110101110111110011, 10001, 1011010111011111001110001, 1011010111011111001110001, True, True, 0
00110101000000100111, 00110, 0011010100000010011100110, 0011010100000010011100110, True, True, 0
00101100111001111001, 00100, 0010110011100111100100100, 0010110011100111100100100, True, True, 0
00111011110010100111, 10100, 0011101111001010011110100, 0011101111001010011110100, True, True, 0
01011000000001011011, 10111, 0101100000000101101110111, 0101100000000101101110111, True, True, 0
01101100111010101100, 00111, 0110110011101010110000111, 0110110011101010110000111, True, True, 0
11010110001100000111, 11110, 1101011000110000011111110, 1101011000110000011111110, True, True, 0
10010001110010001010, 10100, 1001000111001000101010100, 1001000111001000101010100, True, True, 0
11110101101000001100, 01010, 1111010110100000110001010, 1111010110100000110001010, True, True, 0
11101000111011100100, 10110, 1110100011101110010010110, 1110100011101110010010110, True, True, 0
01111100101100101111, 00010, 0111110010110010111100010, 0111110010110010111100010, True, True, 0
11010000100111110001, 00110, 1101000010011111000100110, 1101000010011111000100110, True, True, 0
01111110000110101010, 10000, 0111111000011010101010000, 0111111000011010101010000, True, True, 0
01111100110011111101, 00000, 0111110011001111110100000, 0111110011001111110100000, True, True, 0
00011111110001010101, 11100, 0001111111000101010111100, 0001111111000101010111100, True, True, 0
11010111101101000010, 01000, 1101011110110100001001000, 1101011110110100001001000, True, True, 0
11011100101101001010, 00111, 1101110010110100101000111, 1101110010110100101000111, True, True, 0
01111110000100011001, 11000, 0111111000010001100111000, 0111111000010001100111000, True, True, 0
01110110100100010011, 00110, 0111011010010001001100110, 0111011010010001001100110, True, True, 0
11100001101001000000, 10110, 1110000110100100000010110, 1110000110100100000010110, True, True, 0
01010011011000101110, 11011, 0101001101100010111011011, 0101001101100010111011011, True, True, 0
01111010110000101011, 00111, 0111101011000010101100111, 0111101011000010101100111, True, True, 0
10101100101100100110, 10001, 1010110010110010011010001, 1010110010110010011010001, True, True, 0
01111001011010010001, 11000, 0111100101101001000111000, 0111100101101001000111000, True, True, 0
10011110001000000111, 10000, 1001111000100000011110000, 1001111000100000011110000, True, True, 0
11010101011000100011, 10010, 1101010101100010001110010, 1101010101100010001110010, True, True, 0
10011100001110000001, 11101, 1001110000111000000111101, 1001110000111000000101101, False, False, 1
10011110110110001100, 00100, 1001111011011000110000100, 1001111011011000110000100, True, True, 0
01011101000110001100, 00100, 0101110100011000110000100, 0101110100011000110000100, True, True, 0
10100011011111001111, 01101, 1010001101111100111101101, 1010001101111100111101101, True, True, 0
10010001010110010100, 00000, 1001000101011001010000000, 1001000101011001010000000, True, True, 0
00101010110011101110, 00010, 0010101011001110111000010, 0010101011001110111000010, True, True, 0
11111011001010100111, 00010, 1111101100101010011100010, 1111101100101010011100010, True, True, 0
01111000111010100010, 01010, 0111100011101010001001010, 0111100011101010001001010, True, True, 0
00011111001100000000, 00001, 0001111100110000000000001, 0001111100110000000000001, True, True, 0
01110100110111001010, 00111, 0111010011011100101000111, 0111010011011100101000111, True, True, 0
11101010101001011111, 00001, 1110101010100101111100001, 1110101010100101111100001, True, True, 0
01111101011111111101, 10001, 0111110101111111110110001, 0111110101111111110110001, True, True, 0
00011101011111111000, 10010, 0001110101111111100010010, 0001110101111111100010010, True, True, 0
11111011111111110101, 00100, 1111101111111111010100100, 1111101111111111010100100, True, True, 0
00000010110000101000, 11010, 0000001011000010100011010, 0000001011000010100011010, True, True, 0
01110000000011100000, 10111, 0111000000001110000010111, 0111000000001110000010111, True, True, 0
01011111100111101001, 11001, 0101111110011110100111001, 0101111110011110100111001, True, True, 0
01110101001100010000, 11000, 0111010100110001000011000, 0111010100110001000011000, True, True, 0
00010101101111000011, 00110, 0001010110111100001100110, 0001010110111100001100110, True, True, 0
11110111101010001110, 00001, 1111011110101000111000001, 1111011110101000111000001, True, True, 0
01100010011011010010, 11010, 0110001001101101001011010, 0110001001101101001011010, True, True, 0
11111101010000101001, 11111, 1111110101000010100111111, 1111110101000010100111111, True, True, 0
00011011111111110000, 11110, 0001101111111111000011110, 0001101111111111000011110, True, True, 0
10001001100010110001, 11101, 1000100110001011000111101, 1000100110001011000111101, True, True, 0
00000001111101100101, 00111, 0000000111110110010100111, 0000000111110110010100111, True, True, 0
10110011110001010100, 11110, 1011001111000101010011110, 1011001111000101010011110, True, True, 0
00000001010001011001, 10001, 0000000101000101100110001, 0000000101000101100110001, True, True, 0
11110011111101010110, 00000, 1111001111110101011000000, 1111001111110101011000000, True, True, 0
10010100011000110001, 00110, 1001010001100011000100110, 1001010001100011000100110, True, True, 0
01100101111101100010, 01011, 0110010111110110001001011, 0110010111110110001001011, True, True, 0
10101001010000011101, 10011, 1010100101000001110110011, 1010100101000001110110011, True, True, 0
10110111010010011101, 11101, 1011011101001001110111101, 1011011101001001110111101, True, True, 0
11101011111101011011, 00010, 1110101111110101101100010, 1110101111110101101100010, True, True, 0
11111001101101001001, 10010, 1111100110110100100110010, 1111100110110100100110010, True, True, 0
00001100111100101100, 01011, 0000110011110010110001011, 0000110011110010110001011, True, True, 0
00111111011111100101, 00000, 0011111101111110010100000, 0011111101111110010100000, True, True, 0
10110110001101011110, 10111, 1011011000110101111010111, 1011011000110101111010111, True, True, 0
10001100000001001011, 01110, 1000110000000100101101110, 1000110000000100101101110, True, True, 0
10001011111101010111, 00010, 1000101111110101011100010, 1000101111110101011100010, True, True, 0
00101000100000000100, 10111, 0010100010000000010010111, 0010100010000000010010111, True, True, 0
10111010101000111111, 00001, 1011101010100011111100001, 1011101010100011111100001, True, True, 0
01001000011100001100, 01000, 0100100001110000110001000, 0100100001110000110001000, True, True, 0
11001111101101011011, 11000, 1100111110110101101111000, 1100111110110101101111000, True, True, 0
00110110101101100100, 11011, 0011011010110110010011011, 0011011010110110010011011, True, True, 0
10001010100110111110, 01011, 1000101010011011111001011, 1000101010011011111001011, True, True, 0
01011010111011110100, 01010, 0101101011101111010001010, 0101101011101111010001010, True, True, 0
11010000001000110100, 11111, 1101000000100011010011111, 1101000000100011010011111, True, True, 0
01101010000001111101, 11000, 0110101000000111110111000, 0110101000000111110111000, True, True, 0
01101101001110111100, 10100, 0110110100111011110010100, 0110110100111011110010100, True, True, 0
10000100001010101011, 10100, 1000010000101010101110100, 1000010000101010101110100, True, True, 0
11101011101001000000, 01011, 1110101110100100000001011, 1110101110100100000001011, True, True, 0
10010111101011000100, 11011, 1001011110101100010011011, 1001011110101100010011011, True, True, 0
00001101101101010111, 00010, 0000110110110101011100010, 0000110110110101011100010, True, True, 0
01000001001010101010, 11010, 0100000100101010101011010, 0100000100101010101011010, True, True, 0
00010011001110010111, 00000, 0001001100111001011100000, 0001001100111001011100000, True, True, 0
10000101000000000000, 01101, 1000010100000000000001101, 1000010100000000000001101, True, True, 0
11100010101111001110, 01001, 1110001010111100111001001, 1110001010111100111001001, True, True, 0
01110001011001100000, 10100, 0111000101100110000010100, 0111000101100110000010100, True, True, 0
11111011110100101101, 00011, 1111101111010010110100011, 1111101111010010110100011, True, True, 0
00011001001001000011, 10000, 0001100100100100001110000, 0001100100100100001110000, True, True, 0
01100001101011001111, 00100, 0110000110101100111100100, 0110000110101100111100100, True, True, 0
10011110101010011101, 11110, 1001111010101001110111110, 1001111010101001110111110, True, True, 0
00101101101010111011, 01100, 0010110110101011101101100, 0010110110101011101101100, True, True, 0
10000111010000000110, 10000, 1000011101000000011010000, 1000011101000000011010000, True, True, 0
11000011001110101111, 11000, 1100001100111010111111000, 1100001100111010111111000, True, True, 0
00010011010000000011, 11000, 0001001101000000001111000, 0001001101000000001111000, True, True, 0
11010111101110110000, 11011, 1101011110111011000011011, 1101011110111011000011011, True, True, 0
00110110100001000111, 00001, 0011011010000100011100001, 0011011010000100011100001, True, True, 0
11010001110010001111, 11100, 1101000111001000111111100, 1101000111001000111111100, True, True, 0
11001110001110101100, 10011, 1100111000111010110010011, 1100111000111010110010011, True, True, 0
10011100000101010111, 11000, 1001110000010101011111000, 1001110000010101011111000, True, True, 0
10110011110100101000, 11110, 1011001111010010100011110, 1011001111010010100011110, True, True, 0
10100010101100000011, 00101, 1010001010110000001100101, 1010001010110000001100101, True, True, 0
01100011011100101110, 00010, 0110001101110010111000010, 0110001101110010111000010, True, True, 0
10101110000000011101, 01110, 1010111000000001110101110, 1010111000000001110101110, True, True, 0
00011101000110010111, 10111, 0001110100011001011110111, 0001110100011001011110111, True, True, 0
11110000000101101011, 00011, 1111000000010110101100011, 1111000000010110101100011, True, True, 0
00010101010010000110, 00010, 0001010101001000011000010, 0001010101001000011000010, True, True, 0
01101000000001010010, 00000, 0110100000000101001000000, 0110100000000101001000000, True, True, 0
00101011000011001101, 01000, 0010101100001100110101000, 0010101100001100110101000, True, True, 0
11010111010010101100, 01011, 1101011101001010110001011, 1101011101001010110001011, True, True, 0
00011010010101100010, 11000, 0001101001010110001011000, 0001101001010110001011000, True, True, 0
01001100100111010101, 01001, 0100110010011101010101001, 0100110010011101010101001, True, True, 0
11010000000011100011, 01111, 1101000000001110001101111, 1101000000001110001101111, True, True, 0
11001011110001111101, 01101, 1100101111000111110101101, 1100101111000111110101101, True, True, 0
00010001010011011110, 10011, 0001000101001101111010011, 0001000101001101111010011, True, True, 0
10100011100011111100, 01101, 1010001110001111110001101, 1010001110001111110001101, True, True, 0
00010101110010011111, 11010, 0001010111001001111111010, 0001010111001001111111010, True, True, 0
11100010100011100100, 10000, 1110001010001110010010000, 1110001010001110010010000, True, True, 0
10000101011011101101, 01011, 1000010101101110110101011, 1000010101101110110101011, True, True, 0
01111001110101100001, 00001, 0111100111010110000100001, 0111100111010110000100001, True, True, 0
01100010000011011101, 10110, 0110001000001101110110110, 0110001000001101110110110, True, True, 0
11100110110100011110, 01001, 1110011011010001111001001, 1110011011010001111001001, True, True, 0
11100001101001010100, 00100, 1110000110100101010000100, 1110000110100101010000100, True, True, 0
00011100011000101101, 01110, 0001110001100010110101110, 0001110001100010110101110, True, True, 0
00111110110001110000, 01010, 0011111011000111000001010, 0011111011000111000001010, True, True, 0
10000111111010011010, 10000, 1000011111101001101010000, 1000011111101001101010000, True, True, 0
11110101111001110110, 10010, 1111010111100111011010010, 1111010111100111011010010, True, True, 0
01101001101000101010, 11010, 0110100110100010101011010, 0110100110100010101011010, True, True, 0
00011101110100111010, 00111, 0001110111010011101000111, 0001110111010011101000111, True, True, 0
11100000101100110101, 10001, 1110000010110011010110001, 1110000010110011010110001, True, True, 0
11011011010101111100, 01000, 1101101101010111110001000, 1101101101010111110001000, True, True, 0
10101100010011101000, 10101, 1010110001001110100010101, 1010110001001110100010101, True, True, 0
00110101100010011000, 10001, 0011010110001001100010001, 0011010110001001100010001, True, True, 0
01011000101101110001, 01100, 0101100010110111000101100, 0101100010110111000101100, True, True, 0
10010100100000011001, 01110, 1001010010000001100101110, 1001010010000001100101110, True, True, 0
10011101000011010100, 00111, 1001110100001101010000111, 1001110100001101010000111, True, True, 0
01010011101101110110, 10100, 0101001110110111011010100, 0101001110110111011010100, True, True, 0
11111010111010011101, 10010, 1111101011101001110110010, 1111101011101001110110010, True, True, 0
11010011110001010011, 00010, 1101001111000101001100010, 1101001111000101001100010, True, True, 0
00010110101111010111, 11000, 0001011010111101011111000, 0001011010111101011111000, True, True, 0
10010001101110101100, 10001, 1001000110111010110010001, 1001000110111010110010001, True, True, 0
10011111111111001010, 00000, 1001111111111100101000000, 1001111111111100101000000, True, True, 0
10010100110110011010, 10100, 1001010011011001101010100, 1001010011011001101010100, True, True, 0
00110110011101111011, 10110, 0011011001110111101110110, 0011011001110111101110110, True, True, 0
00111101000111000010, 10101, 0011110100011100001010101, 0011110100011100001010101, True, True, 0
10001010011001000000, 10001, 1000101001100100000010001, 1000101001100100000010001, True, True, 0
00100010111101010010, 11111, 0010001011110101001011111, 0010001011110101001011111, True, True, 0
10001111011010011110, 01100, 1000111101101001111001100, 1000111101101001111001100, True, True, 0
00001110001000101000, 00110, 0000111000100010100000110, 0000111000100010100000110, True, True, 0
10111111000000010111, 11100, 1011111100000001011111100, 1011111100000001011111100, True, True, 0
10001000000000100100, 00000, 1000100000000010010000000, 1000100000000010010000000, True, True, 0
10110101100000001000, 01101, 1011010110000000100001101, 1011010110000000100001101, True, True, 0
01100111010100110101, 01101, 0110011101010011010101101, 0110011101010011010101101, True, True, 0
11000100011111011111, 10101, 1100010001111101111110101, 1100010001111101111110101, True, True, 0
00010111101001101101, 11010, 0001011110100110110111010, 0001011110100110110111010, True, True, 0
00111001000000101101, 01010, 0011100100000010110101010, 0011100100000010110101010, True, True, 0
01101101000000100100, 10000, 0110110100000010010010000, 0110110100000010010010000, True, True, 0
10100101111011000000, 01101, 1010010111101100000001101, 1010010111101100000001101, True, True, 0
01000110011110001100, 11001, 0100011001111000110011001, 0100011001111000110011001, True, True, 0
11110000001111111101, 01000, 1111000000111111110101000, 1111000000111111110101000, True, True, 0
11110110000110110110, 11000, 1111011000011011011011000, 1111011000011011011011000, True, True, 0
11001011110111111000, 00010, 1100101111011111100000010, 1100101111011111100000010, True, True, 0
00000111111111010010, 11100, 0000011111111101001011100, 0000011111111101001011100, True, True, 0
10000000100110101011, 10001, 1000000010011010101110001, 1000000010011010101110001, True, True, 0
10111000011101101000, 10001, 1011100001110110100010001, 1011100001110110100010001, True, True, 0
11101101001100100101, 01011, 1110110100110010010101011, 1110110100110010010101011, True, True, 0
10100101111110111110, 10010, 1010010111111011111010010, 1010010111111011111010010, True, True, 0
00010001110001010010, 10000, 0001000111000101001010000, 0001000111000101001010000, True, True, 0
10100101010111011001, 00010, 1010010101011101100100010, 1010010101011101100100010, True, True, 0
10010100000110000001, 10010, 1001010000011000000110010, 1001010000011000000110010, True, True, 0
11011001111111101011, 11100, 1101100111111110101111100, 1101100111111110101111100, True, True, 0
11000011000010111101, 01001, 1100001100001011110101001, 1100001100001011110101001, True, True, 0
01101011010000110000, 11011, 0110101101000011000011011, 0110101101000011000011011, True, True, 0
11111010111111100011, 01101, 1111101011111110001101101, 1111101011111110001101101, True, True, 0
01110001001101010101, 11000, 0111000100110101010111000, 0111000100110101010111000, True, True, 0
10001010101110011101, 11100, 1000101010111001110111100, 1000101010111001110111100, True, True, 0
00101110101110000110, 11011, 0010111010111000011011011, 0010111010111000011011011, True, True, 0
10001010001100111100, 10000, 1000101000110011110010000, 1000101000110011110010000, True, True, 0
00110001100110010011, 10000, 0011000110011001001110000, 0011000110011001001110000, True, True, 0
01100110000000000010, 11010, 0110011000000000001011010, 0110011000000000001011010, True, True, 0
00110001111011100010, 00011, 0011000111101110001000011, 0011000111101110001000011, True, True, 0
00110101001010011100, 00010, 0011010100101001110000010, 0011010100101001110000010, True, True, 0
01111010001000010001, 01001, 0111101000100001000101001, 0111101000100001000101001, True, True, 0
11110011111111000110, 00101, 1111001111111100011000101, 1111001111111100011000101, True, True, 0
00110100001111010110, 01100, 0011010000111101011001100, 0011010000111101011001100, True, True, 0
00011000001011001101, 01010, 0001100000101100110101010, 0001100000101100110101010, True, True, 0
11001011110110110111, 11011, 1100101111011011011111011, 1100101111011011011111011, True, True, 0
01011001100110101011, 10000, 0101100110011010101110000, 0101100110011010101110000, True, True, 0
00100001101100000110, 01110, 0010000110110000011001110, 0010000110110000011001110, True, True, 0
01011111011010111111, 01110, 0101111101101011111101110, 0101111101101011111101110, True, True, 0
10111100010001010000, 11110, 1011110001000101000011110, 1011110001000101000011110, True, True, 0
11000000010000000101, 10000, 1100000001000000010110000, 1100000001000000010110000, True, True, 0
01101100011000011100, 00111, 0110110001100001110000111, 0110110001100001110000111, True, True, 0
00110001001000111011, 01000, 0011000100100011101101000, 0011000100100011101101000, True, True, 0
01111000111001101100, 11010, 0111100011100110110011010, 0111100011100110110011010, True, True, 0
01111001001100101101, 01011, 0111100100110010110101011, 0111100100110010110101011, True, True, 0
00011100001110010000, 01000, 0001110000111001000001000, 0001110000111001000001000, True, True, 0
11101001010001000111, 11011, 1110100101000100011111011, 1110100101000100011111011, True, True, 0
01010011010100011001, 10011, 0101001101010001100110011, 0101001101010001100110011, True, True, 0
10110001111011101100, 11000, 1011000111101110110011000, 1011000111101110110011000, True, True, 0
01100110111000101110, 11001, 0110011011100010111011001, 0110011011100010111011001, True, True, 0
00011001110111010011, 00001, 0001100111011101001100001, 0001100111011101001100001, True, True, 0
11111101010001011011, 10000, 1111110101000101101110000, 1110110101000101101110000, False, False, 1
10011000011000110000, 10110, 1001100001100011000010110, 1001100001100011000010110, True, True, 0
01011001011000111101, 10101, 0101100101100011110110101, 0101100101100011110110101, True, True, 0
10001111011110001110, 11000, 1000111101111000111011000, 1000111101111000111011000, True, True, 0
10010111100001111111, 11111, 1001011110000111111111111, 1001011110000111111111111, True, True, 0
00101110000011000101, 01010, 0010111000001100010101010, 0010111000001100010101010, True, True, 0
00001000101111110000, 01100, 0000100010111111000001100, 0000100010111111000001100, True, True, 0
01001010011010000010, 10011, 0100101001101000001010011, 0100101001101000001010011, True, True, 0
10010001100110010000, 01000, 1001000110011001000001000, 1001000110011001000001000, True, True, 0
00011101010101000001, 01001, 0001110101010100000101001, 0001110101010100000101001, True, True, 0
11111000101111101001, 01101, 1111100010111110100101101, 1111100010111110100101101, True, True, 0
00001000110001101011, 00011, 0000100011000110101100011, 0000100011000110101100011, True, True, 0
00010110100001000011, 00001, 0001011010000100001100001, 0001011010000100001100001, True, True, 0
01010110101101000110, 11110, 0101011010110100011011110, 0101011010110100011011110, True, True, 0
01000010101101100001, 10111, 0100001010110110000110111, 0100001010110110000110111, True, True, 0
00011101110101111011, 11100, 0001110111010111101111100, 0001110111010111101111100, True, True, 0
11000101000100100101, 01111, 1100010100010010010101111, 1100010100010010010101111, True, True, 0
00101010011011011000, 10000, 0010101001101101100010000, 0010101001101101100010000, True, True, 0
11110001110001101111, 00010, 1111000111000110111100010, 1111000111000110111100010, True, True, 0
11011101100010001111, 11000, 1101110110001000111111000, 1101110110001000111111000, True, True, 0
10110101100101100110, 01011, 1011010110010110011001011, 1011010110010110011001011, True, True, 0
10101001101010110110, 01101, 1010100110101011011001101, 1010100110101011011001101, True, True, 0
11111110110110111011, 00110, 1111111011011011101100110, 1111111011011011101100110, True, True, 0
00101111101001000001, 00001, 0010111110100100000100001, 0010111110100100000100001, True, True, 0
01110110000101000100, 10010, 0111011000010100010010010, 0111011000010100010010010, True, True, 0
11111101100100011010, 00101, 1111110110010001101000101, 1111110110010001101000101, True, True, 0
00000101100110011110, 11100, 0000010110011001111011100, 0000010110011001111011100, True, True, 0
01100001100111011011, 00001, 0110000110011101101100001, 0110000110011101101100001, True, True, 0
01111000010011000001, 10001, 0111100001001100000110001, 0111100001001100000110001, True, True, 0
00111111111011111011, 10100, 0011111111101111101110100, 0011111111101111101110100, True, True, 0
01001101011011001100, 00011, 0100110101101100110000011, 0100110101101100110000011, True, True, 0
10101000001100101101, 11111, 1010100000110010110111111, 1010100000110010110111111, True, True, 0
00100111001000110111, 10010, 0010011100100011011110010, 0010011100100011011110010, True, True, 0
10010100000100011101, 01010, 1001010000010001110101010, 1001010000010001110101010, True, True, 0
10010000101111111111, 01000, 1001000010111111111101000, 1001000010111111111101000, True, True, 0
10111010101001111011, 00100, 1011101010100111101100100, 1011101010100111101100100, True, True, 0
11011001111101001110, 11001, 1101100111110100111011001, 1101100111110100111011001, True, True, 0
10011100101101110011, 01100, 1001110010110111001101100, 1001110010110111001101100, True, True, 0
01001110000010010100, 10101, 0100111000001001010010101, 0100111000001001010010101, True, True, 0
11111000111100101000, 01011, 1111100011110010100001011, 1111000011110010100001011, False, False, 1
10011010100100000010, 01011, 1001101010010000001001011, 1001101010010000001001011, True, True, 0
00111101101011100011, 10010, 0011110110101110001110010, 0011110110101110001110010, True, True, 0
01011000110011011011, 01000, 0101100011001101101101000, 0101100011001101101101000, True, True, 0
10111000101010100011, 10001, 1011100010101010001110001, 1011100010101010001110001, True, True, 0
10000100000110011011, 11101, 1000010000011001101111101, 1000010000011001101111101, True, True, 0
00010000010001011001, 01010, 0001000001000101100101010, 0001000001000101100101010, True, True, 0
10000010100110111100, 00001, 1000001010011011110000001, 1000001010011011110000001, True, True, 0
10110100001000110101, 00111, 1011010000100011010100111, 1011010000100011010100111, True, True, 0
11110001000110111001, 10011, 1111000100011011100110011, 1111000100011011100110011, True, True, 0
11110111011001100100, 11110, 1111011101100110010011110, 1111011101100110010011110, True, True, 0
11101011101100100100, 00100, 1110101110110010010000100, 1110101110110010010000100, True, True, 0
00110000011000001110, 01101, 0011000001100000111001101, 0011000001100000111001101, True, True, 0
00001101101100100101, 01101, 0000110110110010010101101, 0000110110110010010101101, True, True, 0
11100111001010000010, 00001, 1110011100101000001000001, 1110011100101000001000001, True, True, 0
11101010100000100011, 10110, 1110101010000010001110110, 1110101010000010001110110, True, True, 0
00011001010010111111, 11010, 0001100101001011111111010, 0001100101001011111111010, True, True, 0
00001011001001111001, 10000, 0000101100100111100110000, 0000101100100111100110000, True, True, 0
10000110100001000101, 10011, 1000011010000100010110011, 1000011010000100010110011, True, True, 0
01101100011110100011, 11111, 0110110001111010001111111, 0110110001111010001111111, True, True, 0
11010001100010111111, 00011, 1101000110001011111100011, 1101000110001011111100011, True, True, 0
11001000010101101010, 10110, 1100100001010110101010110, 1100100001010110101010110, True, True, 0
11010000110101100111, 10110, 1101000011010110011110110, 1101000011010110011110110, True, True, 0
00001000111011101011, 00101, 0000100011101110101100101, 0000100011101110101100101, True, True, 0
10000101000001110111, 11100, 1000010100000111011111100, 1000010100000111011111100, True, True, 0
11101100111110000101, 10111, 1110110011111000010110111, 1110110011111000010110111, True, True, 0
01111101111110110101, 01011, 0111110111111011010101011, 0111110111111011010101011, True, True, 0
11000110011011010000, 00111, 1100011001101101000000111, 1100011001101101000000111, True, True, 0
01111101011010111101, 10010, 0111110101101011110110010, 0111110101101011110110010, True, True, 0
01100101111010101110, 01001, 0110010111101010111001001, 0110010111101010111001001, True, True, 0
01101011111100111101, 00110, 0110101111110011110100110, 0110101111110011110100110, True, True, 0
00100110100100000001, 01001, 0010011010010000000101001, 0010011010010000000101001, True, True, 0
10101110101001101000, 11000, 1010111010100110100011000, 1010111010100110100011000, True, True, 0
10011110100000010110, 00100, 1001111010000001011000100, 1001111010000001011000100, True, True, 0
11011110000101110100, 01011, 1101111000010111010001011, 1101111000010111010001011, True, True, 0
11001111101011110100, 11001, 1100111110101111010011001, 1100111110101111010011001, True, True, 0
11000110101010110110, 11001, 1100011010101011011011001, 1100011010101011011011001, True, True, 0
00110000101101111111, 00110, 0011000010110111111100110, 0011000010110111111100110, True, True, 0
00101110011010101110, 00100, 0010111001101010111000100, 0010111001101010111000100, True, True, 0
11111110010111110100, 11101, 1111111001011111010011101, 1111111001011111010011101, True, True, 0
00011000100101011011, 01110, 0001100010010101101101110, 0001100010010101101101110, True, True, 0
11110100101000110010, 10010, 1111010010100011001010010, 1111010010100011001010010, True, True, 0
11010110100000110010, 01011, 1101011010000011001001011, 1101011010000011001001011, True, True, 0
11100010001110000000, 00111, 1110001000111000000000111, 1110001000111000000000111, True, True, 0
11101101010101010111, 11111, 1110110101010101011111111, 1110110101010101011111111, True, True, 0
00111001010100100111, 01111, 0011100101010010011101111, 0011100101010010011101111, True, True, 0
10110101010010000111, 00101, 1011010101001000011100101, 1011010101001000011100101, True, True, 0
01110101101100011001, 11001, 0111010110110001100111001, 0111010110110001100111001, True, True, 0
01100110001110010000, 10111, 0110011000111001000010111, 0110011000111001000010111, True, True, 0
10011100001011101111, 11011, 1001110000101110111111011, 1001110000101110111111011, True, True, 0
00001010010110110101, 01101, 0000101001011011010101101, 0000101001011011010101101, True, True, 0
11001011111000101011, 10100, 1100101111100010101110100, 1100101111100010101110100, True, True, 0
11111000110000100000, 01010, 1111100011000010000001010, 1111100011000010000001010, True, True, 0
01010000001011010110, 01100, 0101000000101101011001100, 0101000000101101011001100, True, True, 0
01011100011010010111, 10011, 0101110001101001011110011, 0101110001101001011110011, True, True, 0
00110100010100110010, 01001, 0011010001010011001001001, 0011010001010011001001001, True, True, 0
11111111111110001100, 00111, 1111111111111000110000111, 1111111111111000110000111, True, True, 0
00101101000101001100, 10100, 0010110100010100110010100, 0010110100010100110010100, True, True, 0
11100111111001000110, 11011, 1110011111100100011011011, 1110011111100100011011011, True, True, 0
10011101010011001100, 01001, 1001110101001100110001001, 1001110101001100110001001, True, True, 0
11100001111110101001, 01100, 1110000111111010100101100, 1110000111111010100101100, True, True, 0
10100011101111111101, 01111, 1010001110111111110101111, 1010001110111111110101111, True, True, 0
11011101001011111110, 00101, 1101110100101111111000101, 1101110100101111111000101, True, True, 0
11111001001001100101, 00111, 1111100100100110010100111, 1111100100100110010100111, True, True, 0
11010111110111001110, 10010, 1101011111011100111010010, 1101011111011100111010010, True, True, 0
10111011110000001001, 10100, 1011101111000000100110100, 1011101111000000100110100, True, True, 0
10001011100000011001, 11000, 1000101110000001100111000, 1000101110000001100111000, True, True, 0
00111010011111000001, 11000, 0011101001111100000111000, 0011101001111100000111000, True, True, 0
10010011010010001000, 00001, 1001001101001000100000001, 1001001101001000100000001, True, True, 0
00111001000101110001, 01101, 0011100100010111000101101, 0011100100010111000101101, True, True, 0
00001011110110000011, 00001, 0000101111011000001100001, 0000101111011000001100001, True, True, 0
10111100110100001000, 10000, 1011110011010000100010000, 1011110011010000100010000, True, True, 0
11011111101100111101, 11010, 1101111110110011110111010, 1101111110110011110111010, True, True, 0
10011110100000010011, 11010, 1001111010000001001111010, 1001111010000001001111010, True, True, 0
11010010110111110110, 01110, 1101001011011111011001110, 1101001011011111011001110, True, True, 0
10010011000011110101, 11000, 1001001100001111010111000, 1001001100001111010111000, True, True, 0
00010111001011000011, 00001, 0001011100101100001100001, 0001011100101100001100001, True, True, 0
10000111100000101000, 10110, 1000011110000010100010110, 1000011110000010100010110, True, True, 0
00100100010111101110, 00000, 0010010001011110111000000, 0010010001011110111000000, True, True, 0
11111010100011111101, 00000, 1111101010001111110100000, 1111101010001111110100000, True, True, 0
01110011100100111110, 11101, 0111001110010011111011101, 0111001110010011111011101, True, True, 0
00110100011011011111, 00011, 0011010001101101111100011, 0011010001101101111100011, True, True, 0
01000010001000111100, 00111, 0100001000100011110000111, 0100001000100011110000111, True, True, 0
00000010110000001110, 01001, 0000001011000000111001001, 0000001011000000111001001, True, True, 0
00100000010111111110, 01001, 0010000001011111111001001, 0010000001011111111001001, True, True, 0
10100110000100001100, 11010, 1010011000010000110011010, 1010011000010000110011010, True, True, 0
01101101100110100001, 11101, 0110110110011010000111101, 0110110110011010000111101, True, True, 0
01110100011010011101, 00100, 0111010001101001110100100, 0111010001101001110100100, True, True, 0
10000011101101000111, 01111, 1000001110110100011101111, 0000001110110100011101111, False, False, 1
10000001100101110000, 00010, 1000000110010111000000010, 1000000010010111000000010, False, False, 1
00101100000011001101, 10100, 0010110000001100110110100, 0010110000001100110110100, True, True, 0
10011111110001001110, 00000, 1001111111000100111000000, 1001111111000100111000000, True, True, 0
01100011000000100001, 00011, 0110001100000010000100011, 0110001100000010000100011, True, True, 0
10001100000001110011, 00110, 1000110000000111001100110, 1000110000000111001100110, True, True, 0
10101110100111001001, 00001, 1010111010011100100100001, 1010111010011100100100001, True, True, 0
01000000010001010010, 11111, 0100000001000101001011111, 0100000001000101001011111, True, True, 0
11111101110011110000, 10101, 1111110111001111000010101, 1111110111001111000010101, True, True, 0
11000011110000010100, 10010, 1100001111000001010010010, 1100001111000001010010010, True, True, 0
01010100110001010011, 00111, 0101010011000101001100111, 0101010011000101001100111, True, True, 0
10110110010010110010, 01001, 1011011001001011001001001, 1011011001001011001001001, True, True, 0
01000110010011011111, 10011, 0100011001001101111110011, 0100011001001101111110011, True, True, 0
01000111010100101111, 10110, 0100011101010010111110110, 0100011101010010111110110, True, True, 0
00100101011000100110, 10111, 0010010101100010011010111, 0010010101100010011010111, True, True, 0
01010000010010110010, 10101, 0101000001001011001010101, 0101000001001011001010101, True, True, 0
10010010110111101110, 10111, 1001001011011110111010111, 1001001011011110111010111, True, True, 0
00001001011101111011, 01011, 0000100101110111101101011, 0000100101110111101101011, True, True, 0
10001110110010010110, 00110, 1000111011001001011000110, 1000111011001001011000110, True, True, 0
00000111011000011100, 00011, 0000011101100001110000011, 0000011101100001110000011, True, True, 0
10000010011010011011, 10011, 1000001001101001101110011, 1000001001101001101110011, True, True, 0
01010001100010000001, 00110, 0101000110001000000100110, 0101000110001000000100110, True, True, 0
00010000110110000100, 00110, 0001000011011000010000110, 0001000011011000010000110, True, True, 0
00100101011111100011, 10110, 0010010101111110001110110, 0010010101111110001110110, True, True, 0
01011000010010100010, 11001, 0101100001001010001011001, 0101100001001010001011001, True, True, 0
00101001111100101100, 10100, 0010100111110010110010100, 0010100111110010110010100, True, True, 0
00001101010100011001, 10111, 0000110101010001100110111, 0000110101010001100110111, True, True, 0
11000001100110011111, 10110, 1100000110011001111110110, 1100000110011001111110110, True, True, 0
11101101101110001001, 01111, 1110110110111000100101111, 1110110110111000100101111, True, True, 0
11001011010011011011, 00000, 1100101101001101101100000, 1100101101001101101100000, True, True, 0
10101001000100111011, 01100, 1010100100010011101101100, 1010100100010011101101100, True, True, 0
10101100100110011001, 11110, 1010110010011001100111110, 1010110010011001100111110, True, True, 0
11010011001101101001, 00001, 1101001100110110100100001, 1101001100110110100100001, True, True, 0
00100111000000001001, 10100, 0010011100000000100110100, 0010011100000000100110100, True, True, 0
01010110100001110000, 00011, 0101011010000111000000011, 0101011010000111000000011, True, True, 0
11111001010100000010, 11001, 1111100101010000001011001, 1111100101010000001011001, True, True, 0
00111010101010101101, 00010, 0011101010101010110100010, 0011101010101010110100010, True, True, 0
10010100011110100111, 11010, 1001010001111010011111010, 1001010001111010011111010, True, True, 0
11000101011110001101, 11001, 1100010101111000110111001, 1100010101111000110111001, True, True, 0
00111010010011111010, 01101, 0011101001001111101001101, 0011101001001111101001101, True, True, 0
11000000111011011100, 00000, 1100000011101101110000000, 1100000011101101110000000, True, True, 0
10001010100011011101, 00101, 1000101010001101110100101, 1000101010001101110100101, True, True, 0
01110101001011111111, 10111, 0111010100101111111110111, 0111010100101111111110111, True, True, 0
10111001010100101111, 00000, 1011100101010010111100000, 1011100101010010111100000, True, True, 0
00001100001111010011, 10011, 0000110000111101001110011, 0000110000111101001110011, True, True, 0
01011000110010001000, 10101, 0101100011001000100010101, 0101100011001000100010101, True, True, 0
10100110000101100010, 10001, 1010011000010110001010001, 1010011000010110001010001, True, True, 0
01011110100000011011, 00011, 0101111010000001101100011, 0101111010000001101100011, True, True, 0
10100111110010011100, 10101, 1010011111001001110010101, 1010011111001001110010101, True, True, 0
10000001111010010001, 10100, 1000000111101001000110100, 1000000111101001000110100, True, True, 0
00001010111110011100, 10001, 0000101011111001110010001, 0000101011111001110010001, True, True, 0
00011100111101011010, 10000, 0001110011110101101010000, 0001110011110101101010000, True, True, 0
00011000011101111011, 10000, 0001100001110111101110000, 0001100001110111101110000, True, True, 0
10101011100111011001, 01100, 1010101110011101100101100, 1010101110011101100101100, True, True, 0
01100111111001000010, 01001, 0110011111100100001001001, 0110011111100100001001001, True, True, 0
10011000010111111000, 00101, 1001100001011111100000101, 1001100001011111100000101, True, True, 0
11101010011111110101, 11101, 1110101001111111010111101, 1110101001111111010111101, True, True, 0
00011110101000101101, 00101, 0001111010100010110100101, 0001111010100010110100101, True, True, 0
01101100001011110110, 11010, 0110110000101111011011010, 0110110000101111011011010, True, True, 0
01011010001011001110, 11110, 0101101000101100111011110, 0101101000101100111011110, True, True, 0
10101001010010011010, 01110, 1010100101001001101001110, 1010100101001001101001110, True, True, 0
00101111101001110100, 00001, 0010111110100111010000001, 0010111110100111010000001, True, True, 0
01001000010101110001, 01010, 0100100001010111000101010, 0100100001010111000101010, True, True, 0
10100110011110000001, 10101, 1010011001111000000110101, 1010011001111000000110101, True, True, 0
11110011100110011000, 01011, 1111001110011001100001011, 1111001110011001100001011, True, True, 0
01010101001110011110, 01101, 0101010100111001111001101, 0101010100111001111001101, True, True, 0
11011110011011111011, 10110, 1101111001101111101110110, 1101111001101111101110110, True, True, 0
00000111110101100010, 00100, 0000011111010110001000100, 0000011111010110001000100, True, True, 0
10110000001000101101, 11000, 1011000000100010110111000, 1011000000100010110111000, True, True, 0
10000010100100110000, 00000, 1000001010010011000000000, 1000001010010011000000000, True, True, 0
10100010001100110010, 01100, 1010001000110011001001100, 1010001000110011001001100, True, True, 0
00010100110011011010, 01110, 0001010011001101101001110, 0001010011001101101001110, True, True, 0
10110100011111010110, 10100, 1011010001111101011010100, 1011010001111101011010100, True, True, 0
01011101000111101011, 01100, 0101110100011110101101100, 0101110100011110101101100, True, True, 0
01011101010101111001, 10111, 0101110101010111100110111, 0101110101010111100110111, True, True, 0
01000111001100010110, 10000, 0100011100110001011010000, 0100011100110001011010000, True, True, 0
11111101011111110111, 00001, 1111110101111111011100001, 1111110101111111011100001, True, True, 0
10101110011001001110, 01000, 1010111001100100111001000, 1010111001100100111001000, True, True, 0
10000000000100101000, 00101, 1000000000010010100000101, 1000000000010010100000101, True, True, 0
11110111111011100001, 11110, 1111011111101110000111110, 1111011111101110000111110, True, True, 0
11001011011101111010, 11001, 1100101101110111101011001, 1100101101110111101011001, True, True, 0
10011001101101000100, 00111, 1001100110110100010000111, 1001100110110100010000111, True, True, 0
11111000011101001110, 10100, 1111100001110100111010100, 1111100001110100111010100, True, True, 0
11010100010010010011, 01110, 1101010001001001001101110, 1101010001001001001101110, True, True, 0
01001011000111000101, 01110, 0100101100011100010101110, 0100101100011100010101110, True, True, 0
10110100001000011111, 01001, 1011010000100001111101001, 1011010000100001111101001, True, True, 0
10000011001111101010, 11110, 1000001100111110101011110, 1000001100111110101011110, True, True, 0
11000110000001010001, 10101, 1100011000000101000110101, 1100011000000101000110101, True, True, 0
